Workbook

Sheet Thermal Table
A1: Estimated Magnetic Core Thermal Limits
A2: Simple table with estimated Pmax core and Pmax total for each cooling situation. All values update from the Assumptions sheet, including ΔT and cooling coefficients.
A4: Core Name | B4: Natural Convection - Pmax Core (W) | C4: Natural Convection - Pmax Total (W) | D4: Heatsink Option - Pmax Core (W) | E4: Heatsink Option - Pmax Total (W) | F4: Forced Air 2 m/s - Pmax Core (W) | G4: Forced Air 2 m/s - Pmax Total (W) | H4: Liquid Cooling - Pmax Core (W) | I4: Liquid Cooling - Pmax Total (W)
A5: ='Imported Core Values'!C2 | B5: ='Imported Core Values'!D2*(Assumptions!$B$4/Assumptions!$B$14)*(Assumptions!$B$9/Assumptions!$B$15) | C5: =B5*Assumptions!$B$5 | D5: ='Imported Core Values'!D2*(Assumptions!$B$4/Assumptions!$B$14)*(Assumptions!$B$10/Assumptions!$B$16) | E5: =D5*Assumptions!$B$6 | F5: ='Imported Core Values'!E2*(Assumptions!$B$4/Assumptions!$B$14)*(Assumptions!$B$11/Assumptions!$B$17) | G5: =F5*Assumptions!$B$7 | H5: ='Imported Core Values'!F2*(Assumptions!$B$4/Assumptions!$B$14)*(Assumptions!$B$12/Assumptions!$B$18) | I5: =H5*Assumptions!$B$8
A6: ='Imported Core Values'!C3 | B6: ='Imported Core Values'!D3*(Assumptions!$B$4/Assumptions!$B$14)*(Assumptions!$B$9/Assumptions!$B$15) | C6: =B6*Assumptions!$B$5 | D6: ='Imported Core Values'!D3*(Assumptions!$B$4/Assumptions!$B$14)*(Assumptions!$B$10/Assumptions!$B$16) | E6: =D6*Assumptions!$B$6 | F6: ='Imported Core Values'!E3*(Assumptions!$B$4/Assumptions!$B$14)*(Assumptions!$B$11/Assumptions!$B$17) | G6: =F6*Assumptions!$B$7 | H6: ='Imported Core Values'!F3*(Assumptions!$B$4/Assumptions!$B$14)*(Assumptions!$B$12/Assumptions!$B$18) | I6: =H6*Assumptions!$B$8
A7: ='Imported Core Values'!C4 | B7: ='Imported Core Values'!D4*(Assumptions!$B$4/Assumptions!$B$14)*(Assumptions!$B$9/Assumptions!$B$15) | C7: =B7*Assumptions!$B$5 | D7: ='Imported Core Values'!D4*(Assumptions!$B$4/Assumptions!$B$14)*(Assumptions!$B$10/Assumptions!$B$16) | E7: =D7*Assumptions!$B$6 | F7: ='Imported Core Values'!E4*(Assumptions!$B$4/Assumptions!$B$14)*(Assumptions!$B$11/Assumptions!$B$17) | G7: =F7*Assumptions!$B$7 | H7: ='Imported Core Values'!F4*(Assumptions!$B$4/Assumptions!$B$14)*(Assumptions!$B$12/Assumptions!$B$18) | I7: =H7*Assumptions!$B$8
A8: ='Imported Core Values'!C5 | B8: ='Imported Core Values'!D5*(Assumptions!$B$4/Assumptions!$B$14)*(Assumptions!$B$9/Assumptions!$B$15) | C8: =B8*Assumptions!$B$5 | D8: ='Imported Core Values'!D5*(Assumptions!$B$4/Assumptions!$B$14)*(Assumptions!$B$10/Assumptions!$B$16) | E8: =D8*Assumptions!$B$6 | F8: ='Imported Core Values'!E5*(Assumptions!$B$4/Assumptions!$B$14)*(Assumptions!$B$11/Assumptions!$B$17) | G8: =F8*Assumptions!$B$7 | H8: ='Imported Core Values'!F5*(Assumptions!$B$4/Assumptions!$B$14)*(Assumptions!$B$12/Assumptions!$B$18) | I8: =H8*Assumptions!$B$8
A9: ='Imported Core Values'!C6 | B9: ='Imported Core Values'!D6*(Assumptions!$B$4/Assumptions!$B$14)*(Assumptions!$B$9/Assumptions!$B$15) | C9: =B9*Assumptions!$B$5 | D9: ='Imported Core Values'!D6*(Assumptions!$B$4/Assumptions!$B$14)*(Assumptions!$B$10/Assumptions!$B$16) | E9: =D9*Assumptions!$B$6 | F9: ='Imported Core Values'!E6*(Assumptions!$B$4/Assumptions!$B$14)*(Assumptions!$B$11/Assumptions!$B$17) | G9: =F9*Assumptions!$B$7 | H9: ='Imported Core Values'!F6*(Assumptions!$B$4/Assumptions!$B$14)*(Assumptions!$B$12/Assumptions!$B$18) | I9: =H9*Assumptions!$B$8
A10: ='Imported Core Values'!C7 | B10: ='Imported Core Values'!D7*(Assumptions!$B$4/Assumptions!$B$14)*(Assumptions!$B$9/Assumptions!$B$15) | C10: =B10*Assumptions!$B$5 | D10: ='Imported Core Values'!D7*(Assumptions!$B$4/Assumptions!$B$14)*(Assumptions!$B$10/Assumptions!$B$16) | E10: =D10*Assumptions!$B$6 | F10: ='Imported Core Values'!E7*(Assumptions!$B$4/Assumptions!$B$14)*(Assumptions!$B$11/Assumptions!$B$17) | G10: =F10*Assumptions!$B$7 | H10: ='Imported Core Values'!F7*(Assumptions!$B$4/Assumptions!$B$14)*(Assumptions!$B$12/Assumptions!$B$18) | I10: =H10*Assumptions!$B$8
A11: ='Imported Core Values'!C8 | B11: ='Imported Core Values'!D8*(Assumptions!$B$4/Assumptions!$B$14)*(Assumptions!$B$9/Assumptions!$B$15) | C11: =B11*Assumptions!$B$5 | D11: ='Imported Core Values'!D8*(Assumptions!$B$4/Assumptions!$B$14)*(Assumptions!$B$10/Assumptions!$B$16) | E11: =D11*Assumptions!$B$6 | F11: ='Imported Core Values'!E8*(Assumptions!$B$4/Assumptions!$B$14)*(Assumptions!$B$11/Assumptions!$B$17) | G11: =F11*Assumptions!$B$7 | H11: ='Imported Core Values'!F8*(Assumptions!$B$4/Assumptions!$B$14)*(Assumptions!$B$12/Assumptions!$B$18) | I11: =H11*Assumptions!$B$8
A12: ='Imported Core Values'!C9 | B12: ='Imported Core Values'!D9*(Assumptions!$B$4/Assumptions!$B$14)*(Assumptions!$B$9/Assumptions!$B$15) | C12: =B12*Assumptions!$B$5 | D12: ='Imported Core Values'!D9*(Assumptions!$B$4/Assumptions!$B$14)*(Assumptions!$B$10/Assumptions!$B$16) | E12: =D12*Assumptions!$B$6 | F12: ='Imported Core Values'!E9*(Assumptions!$B$4/Assumptions!$B$14)*(Assumptions!$B$11/Assumptions!$B$17) | G12: =F12*Assumptions!$B$7 | H12: ='Imported Core Values'!F9*(Assumptions!$B$4/Assumptions!$B$14)*(Assumptions!$B$12/Assumptions!$B$18) | I12: =H12*Assumptions!$B$8
A13: ='Imported Core Values'!C10 | B13: ='Imported Core Values'!D10*(Assumptions!$B$4/Assumptions!$B$14)*(Assumptions!$B$9/Assumptions!$B$15) | C13: =B13*Assumptions!$B$5 | D13: ='Imported Core Values'!D10*(Assumptions!$B$4/Assumptions!$B$14)*(Assumptions!$B$10/Assumptions!$B$16) | E13: =D13*Assumptions!$B$6 | F13: ='Imported Core Values'!E10*(Assumptions!$B$4/Assumptions!$B$14)*(Assumptions!$B$11/Assumptions!$B$17) | G13: =F13*Assumptions!$B$7 | H13: ='Imported Core Values'!F10*(Assumptions!$B$4/Assumptions!$B$14)*(Assumptions!$B$12/Assumptions!$B$18) | I13: =H13*Assumptions!$B$8
A14: ='Imported Core Values'!C11 | B14: ='Imported Core Values'!D11*(Assumptions!$B$4/Assumptions!$B$14)*(Assumptions!$B$9/Assumptions!$B$15) | C14: =B14*Assumptions!$B$5 | D14: ='Imported Core Values'!D11*(Assumptions!$B$4/Assumptions!$B$14)*(Assumptions!$B$10/Assumptions!$B$16) | E14: =D14*Assumptions!$B$6 | F14: ='Imported Core Values'!E11*(Assumptions!$B$4/Assumptions!$B$14)*(Assumptions!$B$11/Assumptions!$B$17) | G14: =F14*Assumptions!$B$7 | H14: ='Imported Core Values'!F11*(Assumptions!$B$4/Assumptions!$B$14)*(Assumptions!$B$12/Assumptions!$B$18) | I14: =H14*Assumptions!$B$8
A15: ='Imported Core Values'!C12 | B15: ='Imported Core Values'!D12*(Assumptions!$B$4/Assumptions!$B$14)*(Assumptions!$B$9/Assumptions!$B$15) | C15: =B15*Assumptions!$B$5 | D15: ='Imported Core Values'!D12*(Assumptions!$B$4/Assumptions!$B$14)*(Assumptions!$B$10/Assumptions!$B$16) | E15: =D15*Assumptions!$B$6 | F15: ='Imported Core Values'!E12*(Assumptions!$B$4/Assumptions!$B$14)*(Assumptions!$B$11/Assumptions!$B$17) | G15: =F15*Assumptions!$B$7 | H15: ='Imported Core Values'!F12*(Assumptions!$B$4/Assumptions!$B$14)*(Assumptions!$B$12/Assumptions!$B$18) | I15: =H15*Assumptions!$B$8
A16: ='Imported Core Values'!C13 | B16: ='Imported Core Values'!D13*(Assumptions!$B$4/Assumptions!$B$14)*(Assumptions!$B$9/Assumptions!$B$15) | C16: =B16*Assumptions!$B$5 | D16: ='Imported Core Values'!D13*(Assumptions!$B$4/Assumptions!$B$14)*(Assumptions!$B$10/Assumptions!$B$16) | E16: =D16*Assumptions!$B$6 | F16: ='Imported Core Values'!E13*(Assumptions!$B$4/Assumptions!$B$14)*(Assumptions!$B$11/Assumptions!$B$17) | G16: =F16*Assumptions!$B$7 | H16: ='Imported Core Values'!F13*(Assumptions!$B$4/Assumptions!$B$14)*(Assumptions!$B$12/Assumptions!$B$18) | I16: =H16*Assumptions!$B$8
... A184: ='Imported Core Values'!C181 | B184: ='Imported Core Values'!D181*(Assumptions!$B$4/Assumptions!$B$14)*(Assumptions!$B$9/Assumptions!$B$15) | C184: =B184*Assumptions!$B$5 | D184: ='Imported Core Values'!D181*(Assumptions!$B$4/Assumptions!$B$14)*(Assumptions!$B$10/Assumptions!$B$16) | E184: =D184*Assumptions!$B$6 | F184: ='Imported Core Values'!E181*(Assumptions!$B$4/Assumptions!$B$14)*(Assumptions!$B$11/Assumptions!$B$17) | G184: =F184*Assumptions!$B$7 | H184: ='Imported Core Values'!F181*(Assumptions!$B$4/Assumptions!$B$14)*(Assumptions!$B$12/Assumptions!$B$18) | I184: =H184*Assumptions!$B$8

Sheet Assumptions
A1: Assumptions
A3: Parameter | B3: Value | C3: Type | D3: Notes
A4: Allowed temperature rise, ΔT (°C) | B4: 40 | C4: Input | D4: Shared with the previous workbook assumptions
A5: Natural convection total multiplier | B5: 1.6 | C5: Input | D5: Approximate ratio total losses / core losses
A6: Heatsink option total multiplier | B6: 2 | C6: Input
A7: Forced air 2 m/s total multiplier | B7: 1.8 | C7: Input | D7: Approximate ratio total losses / core losses
A8: Liquid cooling total multiplier | B8: 2.3 | C8: Input | D8: Approximate ratio total losses / core losses
A9: Natural convection h (W/m²·K) | B9: 8 | C9: Reference | D9: Used in the original core estimate
A10: Heatsink-coupled face equivalent h (W/m²·K) | B10: 18 | C10: Input
A11: Forced air 2 m/s h (W/m²·K) | B11: 23.58619 | C11: Reference | D11: Derived from empirical air-speed correlation
A12: Liquid cooling equivalent h (W/m²·K) | B12: 300 | C12: Reference | D12: Nominal equivalent value
A13: Baseline model values
A14: Baseline temperature rise, ΔT base (°C) | B14: 40 | C14: Constant | D14: Used to scale imported Pmax core values
A15: Baseline natural convection h base (W/m²·K) | B15: 8 | C15: Constant | D15: Original reference value used for imported natural-convection Pmax core
A16: Baseline heatsink-coupled face h base (W/m²·K) | B16: 18 | C16: Constant
A17: Baseline forced-air h base (W/m²·K) | B17: 23.58619 | C17: Constant | D17: Original reference value used for imported forced-air Pmax core
A18: Baseline liquid-cooling h base (W/m²·K) | B18: 300 | C18: Constant | D18: Original reference value used for imported liquid-cooling Pmax core
A19: https://www.tdk-electronics.tdk.com/download/519704/069c210d0363d7b4682d9ff22c2ba503/ferrites-and-accessories-db-130501.pdf
A20: Model notes
A21: Pmax core scales with ΔT and h: Pmax core = baseline core × (ΔT/ΔT base) × (h/h base)
A22: Pmax total = Pmax core × total multiplier
A23: These are comparative thermal estimates by geometry and nominal size, not measured catalog limits for each exact part.
A25: Source URLs
A26: https://www.tdk-electronics.tdk.com/download/519704/069c210d0363d7b4682d9ff22c2ba503/ferrites-and-accessories-db-130501.pdf
A27: https://www.ferroxcube.com/en-global/products_ferroxcube/stepOne/shape_cores_accessories

Sheet Imported Core Values
A1: Family | B1: Core Raw | C1: Core Name | D1: Natural Core W | E1: Forced Core W | F1: Liquid Core W
A2: P (pot) | B2: P9/5 | C2: P (pot) - P9/5 | D2: 0.072 | E2: 0.2358619 | F2: 2.7
A3: P (pot) | B3: P11/7 | C3: P (pot) - P11/7 | D3: 0.10755556 | E3: 0.35233691 | F3: 4.0333333
A4: P (pot) | B4: P14/8 | C4: P (pot) - P14/8 | D4: 0.17422222 | E4: 0.57072755 | F4: 6.5333333
A5: P (pot) | B5: P18/11 | C5: P (pot) - P18/11 | D5: 0.288 | E5: 0.94344758 | F5: 10.8
A6: P (pot) | B6: P22/13 | C6: P (pot) - P22/13 | D6: 0.43022222 | E6: 1.4093476 | F6: 16.133333
A7: P (pot) | B7: P26/16 | C7: P (pot) - P26/16 | D7: 0.60088889 | E7: 1.9684277 | F7: 22.533333
A8: P (pot) | B8: P30/19 | C8: P (pot) - P30/19 | D8: 0.8 | E8: 2.6206877 | F8: 30
A9: P (pot) | B9: P36/22 | C9: P (pot) - P36/22 | D9: 1.152 | E9: 3.7737903 | F9: 43.2
A10: P (pot) | B10: P42/29 | C10: P (pot) - P42/29 | D10: 1.568 | E10: 5.136548 | F10: 58.8
A11: P (pot) | B11: P66/56 | C11: P (pot) - P66/56 | D11: 3.872 | E11: 12.684129 | F11: 145.2
A12: RM / RM LP | B12: RM4 | C12: RM / RM LP - RM4 | D12: 0.1037037 | E12: 0.33971878 | F12: 3.8888889
A13: RM / RM LP | B13: RM5 | C13: RM / RM LP - RM5 | D13: 0.14933333 | E13: 0.48919504 | F13: 5.6
... A181: U / UR / UI | B181: UI93 | C181: U / UR / UI - UI93 | D181: 20.501333 | E181: 67.159491 | F181: 768.8
